{
  "project_info": {
    "project_number": "49898967702",
    "firebase_url": "https://fireworks-clicker-default-rtdb.firebaseio.com",
    "project_id": "fireworks-clicker",
    "storage_bucket": "fireworks-clicker.appspot.com"
  },
  "client": [
    {
      "client_info": {
        "mobilesdk_app_id": "1:49898967702:android:eba63b52450e81ca9868b7",
        "android_client_info": {
          "package_name": "com.example.firework_project"
        }
      },
      "oauth_client": [
        {
          "client_id": "49898967702-epoj4r3oti7g33m7lvc7m9621ahs3f4t.apps.googleusercontent.com",
          "client_type": 1,
          "android_info": {
            "package_name": "com.example.firework_project",
            "certificate_hash": "c32c669c9ff3d4f85133d9f435c9c8c7662a085e"
          }
        },
        {
          "client_id": "49898967702-vt4nek0bc5j16eh26kc4deq9j6pj5cmg.apps.googleusercontent.com",
          "client_type": 1,
          "android_info": {
            "package_name": "com.example.firework_project",
            "certificate_hash": "76c0fc6d38e8ccfa28ebe8aeaddc96f3f6f32e69"
          }
        },
        {
          "client_id": "49898967702-o3q3vitpvkburpv0cosulsn1fca9f7f1.apps.googleusercontent.com",
          "client_type": 3
        }
      ],
      "api_key": [
        {
          "current_key": "AIzaSyCYJMuKNRtCsL5BnLAulLuopZ23CTGViDc"
        }
      ],
      "services": {
        "appinvite_service": {
          "other_platform_oauth_client": [
            {
              "client_id": "49898967702-72n3tsro14cjvp6io3nmr05qk7msa6r7.apps.googleusercontent.com",
              "client_type": 3
            }
          ]
        }
      }
    }
  ],
  "configuration_version": "1"
}